id;titre;image;image_content_type
1;Consultant payment homogeneous;../fake-data/blob/hipster.png;image/png
2;Fantastic Franche-Comt√© c;../fake-data/blob/hipster.png;image/png
3;collaboration deposit;../fake-data/blob/hipster.png;image/png
4;Profound;../fake-data/blob/hipster.png;image/png
5;AGP input input;../fake-data/blob/hipster.png;image/png
6;grey;../fake-data/blob/hipster.png;image/png
7;back-end de adapter;../fake-data/blob/hipster.png;image/png
8;Intelligent red;../fake-data/blob/hipster.png;image/png
9;Borders;../fake-data/blob/hipster.png;image/png
10;Mille;../fake-data/blob/hipster.png;image/png
